{
    "2013-7": [
        140,
        13.299622192751308
    ],
    "2014-11": [
        52,
        5.4424960450195785
    ]
}