{
    "2013-7": [
        189,
        15.801770363167835
    ],
    "2014-11": [
        70,
        4.8531313916281933
    ]
}