{
    "2013-7": [
        327,
        37.413063895417615
    ],
    "2014-11": [
        125,
        12.72813685536425
    ]
}