period,deaths,word count,buzz,normalized buzz
2014-11,1427.0,125,12.72813685536425,0.10182509484291399
2013-7,1145.0,327,37.413063895417615,0.11441303943552787
