period,deaths,word count,buzz,normalized buzz
2014-11,1427.0,168,1.0,0.005952380952380952
2013-7,1145.0,451,7.0,0.015521064301552107
