period,deaths,word count,buzz,normalized buzz
2014-11,1427.0,70,4.8531313916281933,0.069330448451831339
2013-7,1145.0,189,15.801770363167835,0.08360725059877161
