period,deaths,word count,buzz,normalized buzz
2014-11,1427.0,52,5.4424960450195785,0.10466338548114575
2013-7,1145.0,140,13.299622192751308,0.09499730137679506
