method,model,buzz,normalized
frequency,NA,-0.093631914230652966,-0.093631914230652966
domain,NA,0.060914562733731664,0.10179965592643478
similarity,control,0.060914562733731664,0.10179965592643478
similarity,tokens,0.060914562733731664,0.10179965592643478
similarity,lemmas,0.060914562733731664,0.10179965592643478
weighted similarity,control,0.060914562733731664,0.10179965592643478
weighted similarity,tokens,0.060914562733731664,0.10179965592643478
weighted similarity,lemmas,0.0609145627337316640.10179965592643478
