Embedding File,Hit_Percent,Scores
Google News,1.0,0.73587801882930826
5 Million,0.0,0.04522560880627239
